measure,score
kappa2,1.0
kappa5,0.13725490196078435
MAP-GOOGLE,1.0
MAP-BING,0.9727272727272728
MAP-VSM,0.9772727272727271
MAP-BM25,0.9863636363636362
NDCG@5-GOOGLE,0.9596926666987987
NDCG@5-BING,0.9409508240229882
NDCG@5-VSM,1.0
NDCG@5-BM25,1.0
NDCG@10-GOOGLE,0.9916153951844069
NDCG@10-BING,0.975333703708487
NDCG@10-VSM,0.9809033330107745
NDCG@10-BM25,0.9608909495754085
