measure,score
kappa2,nan
kappa5,nan
MAP-BING,1.0
MAP-GOOGLE,0.9272727272727274
MAP-VSM,0.9727272727272726
MAP-BM25,0.9818181818181817
NDCG@5-BING,0.9409508240229882
NDCG@5-GOOGLE,0.8193065722657265
NDCG@5-VSM,0.9128973018877746
NDCG@5-BM25,0.9596926666987987
NDCG@10-BING,0.9786644624631157
NDCG@10-GOOGLE,0.9486032663589018
NDCG@10-VSM,0.9164188954581916
NDCG@10-BM25,0.972678846201181
