measure,score
kappa2,0.42424242424242414
kappa5,0.2914068536053921
MAP-BING,1.0
MAP-SOUGOU,0.8909090909090911
MAP-VSM,0.9272727272727274
MAP-BM25,0.9666666666666668
NDCG@5-BING,1.0
NDCG@5-SOUGOU,0.8725899685865735
NDCG@5-VSM,1.0
NDCG@5-BM25,1.0
NDCG@10-BING,1.0
NDCG@10-SOUGOU,0.9599401828201817
NDCG@10-VSM,0.9176833967357906
NDCG@10-BM25,1.0
