measure,score
kappa2,0.3137254901960785
kappa5,0.18749999999999994
MAP-GOOGLE,0.6590909090909091
MAP-BING,0.825
MAP-VSM,0.52884886011821
MAP-BM25,0.5263157894736842
NDCG@5-GOOGLE,0.7322038741535011
NDCG@5-BING,0.8684396335963867
NDCG@5-VSM,0.2930260000321321
NDCG@5-BM25,0.32756755367716844
NDCG@10-GOOGLE,0.8538253079990386
NDCG@10-BING,0.9032141952344906
NDCG@10-VSM,0.37154428585041227
NDCG@10-BM25,0.4150037020829942
