measure,score
kappa2,0.2634920634920634
kappa5,0.3789394199281169
MAP-BING,0.9494949494949495
MAP-SOGOU,0.7424242424242423
MAP-VSM,0.6780885780885781
MAP-BM25,0.7023892773892775
NDCG@5-BING,0.9794699331052307
NDCG@5-SOGOU,0.876038211508474
NDCG@5-VSM,0.47948520742257034
NDCG@5-BM25,0.5853297482106061
NDCG@10-BING,0.9847599365799069
NDCG@10-SOGOU,0.9514361462456862
NDCG@10-VSM,0.697555731127307
NDCG@10-BM25,0.6829329483278035
