measure,score
kappa2,0.5
kappa5,0.10537599229156662
MAP-BING,1.0
MAP-SOGOU,1.0
MAP-VSM,1.0
MAP-BM25,1.0
NDCG@5-BING,1.0
NDCG@5-SOGOU,1.0
NDCG@5-VSM,0.900643490721787
NDCG@5-BM25,1.0
NDCG@10-BING,1.0
NDCG@10-SOGOU,1.0
NDCG@10-VSM,0.9081130058825679
NDCG@10-BM25,0.9397450313786697
