measure,score
kappa2,0.5
kappa5,0.3081761006289308
MAP-SOGOU,0.8636363636363636
MAP-BING,1.0
MAP-VSM,0.6118538324420677
MAP-BM25,0.8153864851725814
NDCG@5-SOGOU,0.8257946037755495
NDCG@5-BING,0.9463718739663906
NDCG@5-VSM,0.5983058112302517
NDCG@5-BM25,0.9596926666987987
NDCG@10-SOGOU,0.9601471686983751
NDCG@10-BING,0.9485083837866999
NDCG@10-VSM,0.5848940190356816
NDCG@10-BM25,0.8135454652051698
