measure,score
kappa2,0.0
kappa5,-0.14503816793893126
MAP-SOGOU,1.0
MAP-DUCKDUCKGO,1.0
MAP-VSM,1.0
MAP-BM25,1.0
NDCG@5-SOGOU,1.0
NDCG@5-DUCKDUCKGO,0.9064092703779518
NDCG@5-VSM,0.9532046351889759
NDCG@5-BM25,1.0
NDCG@10-SOGOU,0.9964315371229694
NDCG@10-DUCKDUCKGO,0.9538541937349041
NDCG@10-VSM,0.9437400492570106
NDCG@10-BM25,1.0
