measure,score
kappa2,nan
kappa5,nan
MAP-BING,1.0
MAP-GOOGLE,1.0
MAP-VSM,1.0
MAP-BM25,1.0
NDCG@5-BING,1.0
NDCG@5-GOOGLE,0.9596926666987987
NDCG@5-VSM,0.9064092703779518
NDCG@5-BM25,0.9064092703779518
NDCG@10-BING,1.0
NDCG@10-GOOGLE,0.9902610992692756
NDCG@10-VSM,0.8939528778553876
NDCG@10-BM25,0.9365622454097836
