measure,score
kappa2,nan
kappa5,nan
MAP-BING,1.0
MAP-GOOGLE,1.0
MAP-VSM,1.0
MAP-BM25,1.0
NDCG@5-BING,0.9064092703779518
NDCG@5-GOOGLE,1.0
NDCG@5-VSM,0.9128973018877746
NDCG@5-BM25,1.0
NDCG@10-BING,0.953790262566068
NDCG@10-GOOGLE,1.0
NDCG@10-VSM,0.9409599689060728
NDCG@10-BM25,0.9809033330107745
