measure,score
kappa2,0.19990079365079363
kappa5,0.3432405783565273
MAP-SOUGOU,0.9727272727272728
MAP-BING,0.9142857142857145
MAP-VSM,0.8636363636363634
MAP-BM25,0.9094346829640947
NDCG@5-SOUGOU,1.0
NDCG@5-BING,0.9596926666987987
NDCG@5-VSM,0.9128973018877746
NDCG@5-BM25,0.9532046351889759
NDCG@10-SOUGOU,1.0
NDCG@10-BING,0.9819702758426495
NDCG@10-VSM,0.8292560710205485
NDCG@10-BM25,0.9211430651379806
