measure,score
kappa2,0.2105263157894736
kappa5,0.3485342019543974
MAP-BING,0.9696969696969698
MAP-BAIDU,0.9610389610389611
MAP-VSM,0.8552669552669552
MAP-BM25,0.7844919786096256
NDCG@5-BING,0.9384707437849533
NDCG@5-BAIDU,0.9384707437849533
NDCG@5-VSM,0.9532046351889759
NDCG@5-BM25,0.900643490721787
NDCG@10-BING,0.9744050922573447
NDCG@10-BAIDU,0.9678464090645907
NDCG@10-VSM,0.8670747054783225
NDCG@10-BM25,0.7648271045329521
