measure,score
kappa2,nan
kappa5,nan
MAP-SOGOU,0
MAP-GOOGLE,1.0
MAP-VSM,0.5619834710743802
MAP-BM25,0.5612373737373737
NDCG@5-SOGOU,0
NDCG@5-GOOGLE,0.9064092703779518
NDCG@5-VSM,0.37436291848819253
NDCG@5-BM25,0.32756755367716844
NDCG@10-SOGOU,0
NDCG@10-GOOGLE,0.9517679551796443
NDCG@10-VSM,0.4648192529294637
NDCG@10-BM25,0.42300026263031765
