measure,score
kappa2,0.38300051203277014
kappa5,0.14617359000337724
MAP-SOGOU,0.709090909090909
MAP-BING,0.5844155844155845
MAP-VSM,0.5661421911421911
MAP-BM25,0.5886363636363636
NDCG@5-SOGOU,1.0
NDCG@5-BING,0.7807789774739649
NDCG@5-VSM,0.8470103457523599
NDCG@5-BM25,0.9353167373209403
NDCG@10-SOGOU,1.0
NDCG@10-BING,0.8771395799259255
NDCG@10-VSM,0.8046396995754158
NDCG@10-BM25,0.817589161520263
