measure,score
kappa2,-0.05263157894736848
kappa5,-0.04803493449781654
MAP-DUCKDUCKGO,1.0
MAP-SOGOU,1.0
MAP-VSM,1.0
MAP-BM25,1.0
NDCG@5-DUCKDUCKGO,0.9596926666987987
NDCG@5-SOGOU,0.9596926666987987
NDCG@5-VSM,1.0
NDCG@5-BM25,1.0
NDCG@10-DUCKDUCKGO,0.9916153951844069
NDCG@10-SOGOU,0.9916153951844069
NDCG@10-VSM,0.9809033330107745
NDCG@10-BM25,0.9754589265521189
