measure,score
kappa2,0.06666666666666665
kappa5,0.09383920989950373
MAP-BING,0.9272727272727274
MAP-BAIDU,1.0
MAP-VSM,0.9565656565656565
MAP-BM25,0.9717171717171719
NDCG@5-BING,0.9596926666987987
NDCG@5-BAIDU,0.9596926666987987
NDCG@5-VSM,0.9064092703779518
NDCG@5-BM25,1.0
NDCG@10-BING,0.9918118829699011
NDCG@10-BAIDU,0.9934288180348018
NDCG@10-VSM,0.8929245049726768
NDCG@10-BM25,0.9554465431167529
