measure,score
kappa2,0.30000000000000004
kappa5,0.05604719764011801
MAP-BING,1.0
MAP-BAIDU,0.6298701298701299
MAP-VSM,0.7272727272727273
MAP-BM25,0.8212121212121212
NDCG@5-BING,0.8462191813440914
NDCG@5-BAIDU,0.5054956517520163
NDCG@5-VSM,0.654412855500679
NDCG@5-BM25,0.7883109184239283
NDCG@10-BING,0.9132987899720804
NDCG@10-BAIDU,0.7355459053821557
NDCG@10-VSM,0.6418001293944477
NDCG@10-BM25,0.8594345681265203
